# format: kind	lemma	value
# kind: unit (value: second|minute|hour|day|week|month|year) | relation (value: duration|within|after|before) | spacing (value: frame noun lemma) | window (value: frame noun lemma) | frequency (value: period) | approximation (value: about) | range (value: minimum)
unit	hour	hour
unit	day	day
unit	week	week
unit	month	month
unit	year	year
relation	for	duration
relation	during	duration
relation	within	within
relation	after	after
relation	before	before
spacing	at	interval
window	during	window
frequency	per	period
approximation	approximate	about
range	to	minimum
