sha256	path
eae5ce759fa7d97269febe09ed3bc4194c138653957bc85684ccd02856870483	ckc-spec/src/align.rs
a39f03f916191b4dcabac3660ddfdd1aea602ec6684cab6d70792ce15efbdda3	ckc-spec/src/answers.rs
66f5b8922f9c419ec22ebc4d30f1f22a6e1a75cddd3af08e44ca1b4d2297fe98	ckc-spec/src/check.rs
ee9a431226947b2e761244e816303e705875d0fd72c1f5efe2d5c781bcf54ed8	ckc-spec/src/emit.rs
234f639ec8c66c6995f20ca47aeefce0298495470cf966c89faedfd06dcd41f3	ckc-spec/src/engine.rs
eb7f844e007a2845f0961a1157961f6ce5343a1b92612166522000e1d550c433	ckc-spec/src/lib.rs
3ac182cec6b5cd39b15b55fe3b98b6c9d66c470cf600f4c60cc1d1ff9dbe700f	ckc-spec/src/release.rs
f4737aa2c75bc763ae817b0d0d565ff64c883bb4b00483b46fccef9909bc1d65	ckc-spec/src/replay.rs
840540676390a53a3996329d312124ba8be9a22c739d5bcbc448639c5d5a5885	ckc-spec/src/temporal.rs
0f8e1393cc73c7c9f1a15d7b0dc48daf105f4cae52064a1766d881163302461d	ckc-spec/src/term.rs
05b02fc085848da09dd04c534644378d73af893286c78f6e3b86a7f8b30f46b3	ckc-spec/src/trace.rs
eb3ff5a79f893f1e24c33ff0636326425f1bb70cbf20264775d25dce731c4ab7	ckc-spec/src/ui.rs
d0776e3f4aec454463127fb478eddcfa07aec4307ee9cc04046bf3ff29c0f09a	ckc-spec/src/v1text.rs
963daf5668389a2ec271ed394663e49b5592a9dba23ebbcc9a74bd261eb2db71	ckc-kernel/src/contract.rs
f7b3ea5cf6bb0c3941acf4f16a64f89ac4056986130956238d76bed1337b16c3	ckc/prolog/drs_dump.pl
7f034fb71a1b2312510fb804a880bdc32d19fa464423dbe9aa54014934112177	trust/escape-allowlist.tsv
cc738d6d3206df5921be87729b992a45024df19049dc61bcc50f63f444dec5d8	trust/deps-allowlist.tsv
9362c3543390a8ac866a3de1870bdce4d4e54c4a635e548ae0687a6b2da8ff7d	verus.lock
8e390d6a0838315f972690f46ef8bae8b7ecc9ee6c1ed70140ef852869c2482e	rust-toolchain.toml
23f6f9fa081d5aeebbef1d3877244e39db062b515fcb14435c57c84dd4e12cd5	Cargo.toml
2a5634a2c7c959609d879bb6ada3e89e55295fbd2857981b0896e999218d17ec	Cargo.lock
b0fa62e86d394a43107e516a593830e5fcf518c933a291a7eea8c058cbd2eacc	ckc-spec/Cargo.toml
75cf662163d6a6bbe0e45c19c885c9f890fe463f785123c726eff8e444b39ad0	ckc-kernel/Cargo.toml
c94dc0fe1d7cb90827d334527ee268811e62cdd154771684303b093ff55a575b	ckc/Cargo.toml
77e9219c27274120197571fd165cbe4121963b5ad3bc0b20b383c86ef0ce6c2b	.cargo/config.toml
